fecha,delito,x,y,colonia,municipio,clave_mun,hora,bien_afectado,zona_geografica
2024-11-14,Violencia familiar,-103.35091647674297,20.7702937389792,LA MESA COLORADA PONIENTE,ZAPOPAN,120,00:05,La familia,AMG
2024-11-15,Violencia familiar,-103.4528379281828,20.712868112377564,SAN JUAN DE OCOTAN,ZAPOPAN,120,02:45,La familia,AMG
2024-10-01,Violencia familiar,-103.3496254459402,20.768014037283116,LA MESA COLORADA PONIENTE,ZAPOPAN,120,08:00,La familia,AMG
2024-10-28,Violencia familiar,-103.45860626796396,20.71063414035494,SAN JUAN DE OCOTAN,ZAPOPAN,120,09:36,La familia,AMG
2024-10-11,Violencia familiar,-103.3439287565241,20.772547991462595,LA MESA COLORADA PONIENTE,ZAPOPAN,120,10:00,La familia,AMG
2024-11-14,Violencia familiar,-103.50446584211052,20.79269351977511,PRADOS DE NEXTIPAC 2a SECCION,ZAPOPAN,120,11:00,La familia,AMG
2024-11-28,Violencia familiar,-103.34928481148162,20.77461393387761,LA MESA COLORADA PONIENTE,ZAPOPAN,120,13:00,La familia,AMG
2024-12-16,Violencia familiar,-103.45797611118668,20.701568430396293,SAN JUAN DE OCOTAN,ZAPOPAN,120,14:00,La familia,AMG
2024-11-07,Violencia familiar,-103.37249372610457,20.796632424054103,SAN ESTEBAN,ZAPOPAN,120,15:00,La familia,AMG
2024-10-21,Violencia familiar,-103.45517488886216,20.70680053931016,SAN JUAN DE OCOTAN,ZAPOPAN,120,17:00,La familia,AMG
2024-10-07,Violencia familiar,-103.3493798143684,20.772058490390982,LA MESA COLORADA PONIENTE,ZAPOPAN,120,18:00,La familia,AMG
2024-11-26,Violencia familiar,-103.4526686641826,20.707789782719512,SAN JUAN DE OCOTAN,ZAPOPAN,120,18:30,La familia,AMG
2024-10-10,Violencia familiar,-103.49167084997396,20.79360231531292,EL HUMEDO DE NEXTIPAC,ZAPOPAN,120,20:00,La familia,AMG
2024-10-27,Violencia familiar,-103.50788396341548,20.791852802268668,PRADOS DE NEXTIPAC 2a SECCION,ZAPOPAN,120,20:00,La familia,AMG
2024-12-10,Violencia familiar,-103.52287845326656,20.766312232569483,NEXTIPAC,ZAPOPAN,120,20:30,La familia,AMG
2024-11-01,Violencia familiar,-103.45517488886216,20.70680053931016,SAN JUAN DE OCOTAN,ZAPOPAN,120,22:25,La familia,AMG
2024-10-28,Violencia familiar,-103.50993797082184,20.788672414300464,PRADOS DE NEXTIPAC 2a SECCION,ZAPOPAN,120,22:30,La familia,AMG
2024-10-28,Violencia familiar,-103.50545588440838,20.792980515223785,PRADOS DE NEXTIPAC 2a SECCION,ZAPOPAN,120,23:30,La familia,AMG
2024-11-20,Violencia familiar,-103.45532140156368,20.71034297672061,SAN JUAN DE OCOTAN,ZAPOPAN,120,N.D.,La familia,AMG
2024-11-20,Violencia familiar,-103.34390747005372,20.769214592064785,LA MESA COLORADA PONIENTE,ZAPOPAN,120,N.D.,La familia,AMG
2025-02-19,Violencia familiar,-103.34288085642405,20.769999597522872,LA MESA COLORADA PONIENTE,ZAPOPAN,120,17:00,La familia,AMG
2025-02-27,Violencia familiar,-103.45157807689796,20.715910093189954,SAN JUAN DE OCOTAN,ZAPOPAN,120,11:00,La familia,AMG
2025-03-09,Violencia familiar,-103.44772166141873,20.70710387601705,SAN JUAN DE OCOTAN,ZAPOPAN,120,03:00,La familia,AMG
2025-03-19,Violencia familiar,-103.34175257909114,20.77129849774857,LA MESA COLORADA PONIENTE,ZAPOPAN,120,00:00,La familia,AMG
2025-03-24,Violencia familiar,-103.45629910473218,20.715238857130064,SAN JUAN DE OCOTAN,ZAPOPAN,120,N.D.,La familia,AMG
2025-04-13,Violencia familiar,-103.33485362726896,20.76459732488162,MESA COLORADA ORIENTE,ZAPOPAN,120,00:00,La familia,AMG
2025-05-04,Violencia familiar,-103.46300352295648,20.70925544773688,SAN JUAN DE OCOTAN,ZAPOPAN,120,01:00,La familia,AMG
2025-05-11,Violencia familiar,-103.45340104895178,20.709413354593003,SAN JUAN DE OCOTAN,ZAPOPAN,120,01:00,La familia,AMG
2025-05-12,Violencia familiar,-103.5224600405288,20.766868719162897,NEXTIPAC,ZAPOPAN,120,23:00,La familia,AMG
2025-05-12,Violencia familiar,-103.33733434456065,20.76078649818079,MESA COLORADA ORIENTE,ZAPOPAN,120,22:00,La familia,AMG
2025-05-26,Violencia familiar,-103.3432156423444,20.76748260769697,LA MESA COLORADA PONIENTE,ZAPOPAN,120,00:00,La familia,AMG
2025-06-02,Violencia familiar,-103.4533381324466,20.70993673058206,SAN JUAN DE OCOTAN,ZAPOPAN,120,22:10,La familia,AMG
2025-06-23,Violencia familiar,-103.34754120646438,20.77332350210856,LA MESA COLORADA PONIENTE,ZAPOPAN,120,21:00,La familia,AMG
2025-07-07,Violencia familiar,-103.34375914049384,20.770486821306733,LA MESA COLORADA PONIENTE,ZAPOPAN,120,00:00,La familia,AMG
2025-07-09,Violencia familiar,-103.45506701464149,20.706076893139123,SAN JUAN DE OCOTAN,ZAPOPAN,120,19:00,La familia,AMG
2025-09-14,Violencia familiar,-103.34821773009664,20.77470303587431,LA MESA COLORADA PONIENTE,ZAPOPAN,120,13:30,La familia,AMG
2025-01-27,Violencia familiar,-103.34722542647546,20.771450620376484,LA MESA COLORADA PONIENTE,ZAPOPAN,120,22:00,La familia,AMG
2025-09-30,Violencia familiar,-103.45417979959905,20.711199942740265,SAN JUAN DE OCOTAN,ZAPOPAN,120,20:20,La familia,AMG
2025-02-20,Violencia familiar,-103.33902100147002,20.77253672372188,LA MESA COLORADA PONIENTE,ZAPOPAN,120,00:00,La familia,AMG
2025-03-13,Violencia familiar,-103.45027329170163,20.70920455824969,SAN JUAN DE OCOTAN,ZAPOPAN,120,00:00,La familia,AMG
2025-03-21,Violencia familiar,-103.50767066203512,20.790137822868537,PRADOS DE NEXTIPAC 2a SECCION,ZAPOPAN,120,N.D.,La familia,AMG
2025-03-22,Violencia familiar,-103.4586019746779,20.710634352592663,SAN JUAN DE OCOTAN,ZAPOPAN,120,09:00,La familia,AMG
2025-03-27,Violencia familiar,-103.44931741377243,20.712565429801597,SAN JUAN DE OCOTAN,ZAPOPAN,120,08:00,La familia,AMG
2025-03-27,Violencia familiar,-103.47069220538222,20.701762855520364,SAN JUAN DE OCOTAN,ZAPOPAN,120,09:51,La familia,AMG
2025-05-02,Violencia familiar,-103.3509290306124,20.76825238525534,LA MESA COLORADA PONIENTE,ZAPOPAN,120,19:30,La familia,AMG
2025-05-15,Violencia familiar,-103.45345457178442,20.707923312752268,SAN JUAN DE OCOTAN,ZAPOPAN,120,21:00,La familia,AMG
2025-05-22,Violencia familiar,-103.34375914049384,20.770486821306733,LA MESA COLORADA PONIENTE,ZAPOPAN,120,11:30,La familia,AMG
2025-05-28,Violencia familiar,-103.33826471875857,20.760894863049597,MESA COLORADA ORIENTE,ZAPOPAN,120,15:30,La familia,AMG
2025-08-07,Violencia familiar,-103.34600678067464,20.768701872040165,LA MESA COLORADA PONIENTE,ZAPOPAN,120,09:00,La familia,AMG
2025-08-07,Violencia familiar,-103.4586019746779,20.710634352592663,SAN JUAN DE OCOTAN,ZAPOPAN,120,22:10,La familia,AMG
2025-08-21,Violencia familiar,-103.4512123451388,20.704660142391784,SAN JUAN DE OCOTAN,ZAPOPAN,120,10:00,La familia,AMG
2025-09-05,Violencia familiar,-103.49238794021652,20.79394285720277,EL HUMEDO DE NEXTIPAC,ZAPOPAN,120,13:30,La familia,AMG
2025-09-20,Violencia familiar,-103.4572826469958,20.711977556504507,SAN JUAN DE OCOTAN,ZAPOPAN,120,23:45,La familia,AMG
2025-02-11,Violencia familiar,-103.45227254981268,20.700469110491547,SAN JUAN DE OCOTAN,ZAPOPAN,120,21:00,La familia,AMG
2025-02-18,Violencia familiar,-103.45485972571404,20.71326567853796,SAN JUAN DE OCOTAN,ZAPOPAN,120,22:30,La familia,AMG
2025-03-11,Violencia familiar,-103.33733434456065,20.76078649818079,MESA COLORADA ORIENTE,ZAPOPAN,120,15:00,La familia,AMG
2025-03-11,Violencia familiar,-103.52508095753456,20.77094734655513,NEXTIPAC,ZAPOPAN,120,01:00,La familia,AMG
2025-04-11,Violencia familiar,-103.34839714040032,20.77145286017558,LA MESA COLORADA PONIENTE,ZAPOPAN,120,20:30,La familia,AMG
2025-06-03,Violencia familiar,-103.45675639278404,20.70834826401692,SAN JUAN DE OCOTAN,ZAPOPAN,120,02:00,La familia,AMG
2025-06-25,Violencia familiar,-103.46038777254952,20.702077546234836,SAN JUAN DE OCOTAN,ZAPOPAN,120,23:30,La familia,AMG
2025-06-25,Violencia familiar,-103.4526686641826,20.707789782719512,SAN JUAN DE OCOTAN,ZAPOPAN,120,05:00,La familia,AMG
2025-07-01,Violencia familiar,-103.45520944346931,20.70718025541981,SAN JUAN DE OCOTAN,ZAPOPAN,120,19:00,La familia,AMG
2025-07-02,Violencia familiar,-103.45417979959905,20.711199942740265,SAN JUAN DE OCOTAN,ZAPOPAN,120,01:00,La familia,AMG
2025-07-21,Violencia familiar,-103.33912024292584,20.76697333650937,MESA COLORADA ORIENTE,ZAPOPAN,120,03:00,La familia,AMG
2025-09-17,Violencia familiar,-103.45506555866592,20.711903471805545,SAN JUAN DE OCOTAN,ZAPOPAN,120,13:00,La familia,AMG
2025-02-10,Violencia familiar,-103.4619395111667,20.714866287381835,SAN JUAN DE OCOTAN,ZAPOPAN,120,21:00,La familia,AMG
2025-03-05,Violencia familiar,-103.45299142781438,20.70342048267293,SAN JUAN DE OCOTAN,ZAPOPAN,120,16:00,La familia,AMG
2025-03-12,Violencia familiar,-103.33699498331455,20.76634755982027,MESA COLORADA ORIENTE,ZAPOPAN,120,14:00,La familia,AMG
2025-05-09,Violencia familiar,-103.45157807689796,20.715910093189954,SAN JUAN DE OCOTAN,ZAPOPAN,120,20:00,La familia,AMG
2025-05-14,Violencia familiar,-103.342498704442,20.76805380539748,LA MESA COLORADA PONIENTE,ZAPOPAN,120,20:30,La familia,AMG
2025-05-21,Violencia familiar,-103.44912568616864,20.71253660215349,SAN JUAN DE OCOTAN,ZAPOPAN,120,N.D.,La familia,AMG
2025-07-02,Violencia familiar,-103.35548708498368,20.76851125689678,LA MESA COLORADA PONIENTE,ZAPOPAN,120,21:30,La familia,AMG
2025-08-26,Violencia familiar,-103.33686138823592,20.763636357976008,MESA COLORADA ORIENTE,ZAPOPAN,120,22:00,La familia,AMG
2025-01-27,Violencia familiar,-103.49074182185524,20.7923565558921,EL HUMEDO DE NEXTIPAC,ZAPOPAN,120,20:30,La familia,AMG
2025-09-17,Violencia familiar,-103.4509274913729,20.706238436478017,SAN JUAN DE OCOTAN,ZAPOPAN,120,22:00,La familia,AMG
2025-02-27,Violencia familiar,-103.46038777254952,20.702077546234836,SAN JUAN DE OCOTAN,ZAPOPAN,120,00:00,La familia,AMG
2025-08-20,Violencia familiar,-103.33629423752107,20.76456126783464,MESA COLORADA ORIENTE,ZAPOPAN,120,14:00,La familia,AMG
2025-01-04,Violencia familiar,-103.3505736001183,20.770028487205423,LA MESA COLORADA PONIENTE,ZAPOPAN,120,00:00,La familia,AMG
2025-02-18,Violencia familiar,-103.45097861104664,20.705931758571783,SAN JUAN DE OCOTAN,ZAPOPAN,120,N.D.,La familia,AMG
2025-07-23,Violencia familiar,-103.45520944346931,20.70718025541981,SAN JUAN DE OCOTAN,ZAPOPAN,120,N.D.,La familia,AMG
2025-02-13,Violencia familiar,-103.35032428809166,20.77176044170772,LA MESA COLORADA PONIENTE,ZAPOPAN,120,20:00,La familia,AMG
2025-03-03,Violencia familiar,-103.3410705922808,20.769243001448583,LA MESA COLORADA PONIENTE,ZAPOPAN,120,12:30,La familia,AMG
2025-03-16,Violencia familiar,-103.34445363149536,20.77021349311195,LA MESA COLORADA PONIENTE,ZAPOPAN,120,22:00,La familia,AMG
2025-03-23,Violencia familiar,-103.37100831007572,20.79272505350548,SAN ESTEBAN,ZAPOPAN,120,21:30,La familia,AMG
2025-03-30,Violencia familiar,-103.45069201729152,20.709569665456847,SAN JUAN DE OCOTAN,ZAPOPAN,120,N.D.,La familia,AMG
2025-04-02,Violencia familiar,-103.44700854273508,20.708307927584134,SAN JUAN DE OCOTAN,ZAPOPAN,120,17:00,La familia,AMG
2025-05-06,Violencia familiar,-103.3360430479192,20.76206571946593,MESA COLORADA ORIENTE,ZAPOPAN,120,21:00,La familia,AMG
2025-01-14,Violencia familiar,-103.34915993250964,20.771080805881542,LA MESA COLORADA PONIENTE,ZAPOPAN,120,17:00,La familia,AMG
2025-07-03,Violencia familiar,-103.343254701187,20.768706971334566,LA MESA COLORADA PONIENTE,ZAPOPAN,120,15:00,La familia,AMG
2025-07-05,Violencia familiar,-103.44950596629135,20.713849878685483,SAN JUAN DE OCOTAN,ZAPOPAN,120,21:33,La familia,AMG
2025-07-27,Violencia familiar,-103.34977075440509,20.775856134304387,LA MESA COLORADA PONIENTE,ZAPOPAN,120,23:40,La familia,AMG
2025-02-01,Violencia familiar,-103.34298624412264,20.77090391873924,LA MESA COLORADA PONIENTE,ZAPOPAN,120,10:30,La familia,AMG
2025-02-15,Violencia familiar,-103.35279266215584,20.7708717952042,LA MESA COLORADA PONIENTE,ZAPOPAN,120,18:00,La familia,AMG
2025-04-17,Violencia familiar,-103.34533389279754,20.774928195369245,LA MESA COLORADA PONIENTE,ZAPOPAN,120,12:30,La familia,AMG
2025-04-19,Violencia familiar,-103.33625947349984,20.76335050555166,MESA COLORADA ORIENTE,ZAPOPAN,120,17:00,La familia,AMG
2025-04-21,Violencia familiar,-103.46264723937298,20.70460001309061,SAN JUAN DE OCOTAN,ZAPOPAN,120,N.D.,La familia,AMG
2025-05-19,Violencia familiar,-103.34491846797604,20.76898044547207,LA MESA COLORADA PONIENTE,ZAPOPAN,120,22:00,La familia,AMG
2025-06-28,Violencia familiar,-103.34709732320292,20.76910079237688,LA MESA COLORADA PONIENTE,ZAPOPAN,120,11:00,La familia,AMG
2025-07-19,Violencia familiar,-103.45417979959905,20.711199942740265,SAN JUAN DE OCOTAN,ZAPOPAN,120,0.45833333333333331,La familia,AMG
2025-08-01,Violencia familiar,-103.34439757348945,20.76830697923825,LA MESA COLORADA PONIENTE,ZAPOPAN,120,23:00,La familia,AMG
2025-08-08,Violencia familiar,-103.45472961853166,20.708106397591088,SAN JUAN DE OCOTAN,ZAPOPAN,120,23:30,La familia,AMG
2025-08-08,Violencia familiar,-103.45534364695976,20.70814804160796,SAN JUAN DE OCOTAN,ZAPOPAN,120,19:00,La familia,AMG
2025-08-22,Violencia familiar,-103.33940631582036,20.762766707435567,MESA COLORADA ORIENTE,ZAPOPAN,120,00:40,La familia,AMG
2025-08-22,Violencia familiar,-103.34674271588668,20.776592465637925,LA MESA COLORADA PONIENTE,ZAPOPAN,120,21:13,La familia,AMG
2025-08-22,Violencia familiar,-103.49206162262573,20.7948794747501,EL HUMEDO DE NEXTIPAC,ZAPOPAN,120,21:00,La familia,AMG
2025-10-09,Violencia familiar,-103.47069220538222,20.701762855520364,SAN JUAN DE OCOTAN,ZAPOPAN,120,N.D.,La familia,AMG
2025-10-22,Violencia familiar,-103.4528379281828,20.712868112377564,SAN JUAN DE OCOTAN,ZAPOPAN,120,19:00,La familia,AMG
2025-10-31,Violencia familiar,-103.34375914049384,20.770486821306733,LA MESA COLORADA PONIENTE,ZAPOPAN,120,17:50,La familia,AMG
2025-10-24,Violencia familiar,-103.4509681851988,20.706012965963048,SAN JUAN DE OCOTAN,ZAPOPAN,120,01:00,La familia,AMG
